<?xml version="1.0" encoding="UTF-8"?>
<project-private xmlns="http://www.netbeans.org/ns/project-private/1">
    <editor-bookmarks xmlns="http://www.netbeans.org/ns/editor-bookmarks/2" lastBookmarkId="0"/>
    <open-files xmlns="http://www.netbeans.org/ns/projectui-open-files/2">
        <group>
            <file>file:/C:/Users/S530719/Documents/NetBeansProjects/Alapati_Lab06Enums/src/reservations/Route.java</file>
            <file>file:/C:/Users/S530719/Documents/NetBeansProjects/Alapati_Lab06Enums/src/reservations/Hotel.java</file>
            <file>file:/C:/Users/S530719/Documents/NetBeansProjects/Alapati_Lab06Enums/src/reservations/Meal.java</file>
            <file>file:/C:/Users/S530719/Documents/NetBeansProjects/Alapati_Lab06Enums/src/reservations/inputFile.txt</file>
            <file>file:/C:/Users/S530719/Documents/NetBeansProjects/Alapati_Lab06Enums/src/reservations/Reservation.java</file>
            <file>file:/C:/Users/S530719/Documents/NetBeansProjects/Alapati_Lab06Enums/src/reservations/ReservationList.java</file>
            <file>file:/C:/Users/S530719/Documents/NetBeansProjects/Alapati_Lab06Enums/src/reservations/ReservationDriver.java</file>
            <file>file:/C:/Users/S530719/Documents/NetBeansProjects/Alapati_Lab06Enums/src/reservations/Airline.java</file>
        </group>
    </open-files>
</project-private>
