<?xml version="1.0" encoding="UTF-8"?>
<project-private xmlns="http://www.netbeans.org/ns/project-private/1">
    <editor-bookmarks xmlns="http://www.netbeans.org/ns/editor-bookmarks/2" lastBookmarkId="0"/>
    <open-files xmlns="http://www.netbeans.org/ns/projectui-open-files/2">
        <group>
            <file>file:/C:/Users/S530719/Documents/NetBeansProjects/Alapati_Lab09CastingAndExceptions/src/library/Book.java</file>
            <file>file:/C:/Users/S530719/Documents/NetBeansProjects/Alapati_Lab09CastingAndExceptions/src/library/Device.java</file>
            <file>file:/C:/Users/S530719/Documents/NetBeansProjects/Alapati_Lab09CastingAndExceptions/src/library/LibraryManagement.java</file>
            <file>file:/C:/Users/S530719/Documents/NetBeansProjects/Alapati_Lab09CastingAndExceptions/src/library/Faculty.java</file>
            <file>file:/C:/Users/S530719/Documents/NetBeansProjects/Alapati_Lab09CastingAndExceptions/src/library/Item.java</file>
            <file>file:/C:/Users/S530719/Documents/NetBeansProjects/Alapati_Lab09CastingAndExceptions/src/library/Student.java</file>
            <file>file:/C:/Users/S530719/Documents/NetBeansProjects/Alapati_Lab09CastingAndExceptions/src/library/Member.java</file>
            <file>file:/C:/Users/S530719/Documents/NetBeansProjects/Alapati_Lab09CastingAndExceptions/src/library/DVD.java</file>
            <file>file:/C:/Users/S530719/Documents/NetBeansProjects/Alapati_Lab09CastingAndExceptions/src/library/LibraryDriver.java</file>
        </group>
    </open-files>
</project-private>
