<?xml version="1.0" encoding="UTF-8"?>
<project-private xmlns="http://www.netbeans.org/ns/project-private/1">
    <editor-bookmarks xmlns="http://www.netbeans.org/ns/editor-bookmarks/2" lastBookmarkId="0"/>
    <open-files xmlns="http://www.netbeans.org/ns/projectui-open-files/2">
        <group>
            <file>file:/C:/Users/bearcat003/Desktop/LabExam3_StudentFiles/LabExam3/LabExam3/src/mappings/Person.java</file>
            <file>file:/C:/Users/bearcat003/Desktop/LabExam3_StudentFiles/LabExam3/LabExam3/src/mappings/CourseDriver.java</file>
            <file>file:/C:/Users/bearcat003/Desktop/LabExam3_StudentFiles/LabExam3/LabExam3/test/mappings/CourseMappingTest.java</file>
            <file>file:/C:/Users/bearcat003/Desktop/LabExam3_StudentFiles/LabExam3/LabExam3/src/mappings/CourseMapping.java</file>
            <file>file:/C:/Users/bearcat003/Desktop/LabExam3_StudentFiles/LabExam3/LabExam3/src/mappings/Course.java</file>
        </group>
    </open-files>
</project-private>
